Sentiment,Total Examples,Accuracy,Loss
neutral,0,,-10.627786636352539
negative,0,,-10.627786636352539
positive,0,,-10.627786636352539
